Avg Packet Size,Std. deviation of packet size,Total Bytes,AVG. IAT(ms),Std. daviation of IAT(ms),Flow duration(SECONDS),Push_flag_cnt,Avg_wind_size,Class
1426,210.741547873,1426529,10.86,51.682291,10.846116,185,30015,download
1400,250.792743117,1400886,4.06,22.593781,4.058345,276,30015,download
1487,143.805424098,1487074,14.71,181.206312,14.692192,123,34252,download
1420,236.822718505,1420973,10.13,49.875605,10.123397,188,30015,download
1394,254.972547542,1394665,3.46,16.541209,3.460801,305,30449,download
1490,108.434311913,1490920,30.89,78.922546,30.855365,32,31078,download
1487,129.973074135,1487350,10.74,73.107948,10.733989,113,33195,download
1390,272.814955602,1390626,3.12,13.746667,3.121458,267,30015,download
1407,239.386716423,1407833,9.97,49.548553,9.962068,214,30015,download
1342,312.152206463,1342493,5.1,29.318478,5.096614,333,30185,download
1385,243.993852382,1385697,3.9,21.376979,3.892976,277,30666,download
1490,110.864782506,1490040,65.91,167.838689,65.840938,199,32063,download
1477,175.661606505,1477141,9.99,84.661506,9.976475,127,32470,download
1478,169.676162144,1478605,8.66,46.707235,8.654119,121,32063,download
1487,127.624449068,1487101,2.04,13.995727,2.034379,241,33926,download
1488,121.144541767,1488446,2.25,11.673709,2.252602,235,33817,download
1490,106.023582282,1490938,6.09,24.329,6.082775,213,32063,download
1492,103.489129864,1492197,1.24,4.284511,1.243682,33,32063,download
1492,103.489129864,1492197,1.49,10.416141,1.490793,27,32063,download
1492,103.489129864,1492197,1.29,4.476159,1.285848,25,32063,download
1480,199.085408807,1480017,5.73,49.442771,5.722929,129,32063,download
1478,170.06175349,1478557,4.37,27.04507,4.367009,147,32063,download
1478,169.702681181,1478605,3.46,27.032613,3.460656,116,32470,download
1477,176.01988524,1477097,7.81,42.118208,7.798086,134,32063,download
1473,187.611300299,1473730,8.78,44.930425,8.768073,144,33923,download
1478,169.676162144,1478605,8.72,52.018973,8.70788,132,32470,download
1478,169.676162144,1478605,11.77,64.743449,11.758874,75,32063,download
1497,64.5058136915,1497112,5.17,51.486265,5.16653,8,30078,download
1497,64.5058136915,1497112,1.69,9.622216,1.693,5,30078,download
1497,64.5058136915,1497112,13.65,143.600027,13.64037,11,30078,download
1497,64.5058136915,1497112,12.82,201.985712,12.806766,9,30078,download
1497,64.5058136915,1497112,9.81,146.861876,9.800159,8,30078,download
1497,64.5058136915,1497112,1.75,9.851606,1.749569,13,15870,download
1501,121.041315261,1501456,13.4,90.606818,13.387442,19,15614,download
1497,64.5058136915,1497112,15.56,78.844509,15.547135,5,30078,download
1497,64.5058136915,1497112,1.83,12.035095,1.826839,12,15614,download
1495,78.8986691903,1495672,10.55,197.035875,10.539417,6,30077,download
1498,79.1517529812,1498560,14.04,90.741846,14.030305,28,15870,download
1495,78.8986691903,1495672,26.79,120.031163,26.762196,3,30077,download
1349,304.855703571,1349765,3.4,17.181276,3.398915,335,30015,download
1339,329.080537255,1339545,3.63,23.71905,3.630042,318,30015,download
1349,323.596971556,1349481,3.57,22.584956,3.565154,314,30015,download
1346,336.723922524,1346561,3.38,18.54817,3.37802,321,30015,download
1409,258.644543727,1409625,3.49,17.605348,3.482752,239,30015,download
1372,302.172136373,1372841,3.36,17.921851,3.358954,265,30015,download
1367,317.628714067,1367285,3.34,18.362399,3.339075,280,30015,download
1345,325.582554815,1345385,3.65,23.145828,3.643572,329,30015,download
1497,64.5058136915,1497112,2.12,14.47037,2.120152,6,30206,download
1497,64.5058136915,1497112,2.1,14.352669,2.095074,6,30206,download
1494,127.173110365,1494477,7.67,51.079817,7.661312,110,32866,download
1406,274.326447868,1406113,17.29,334.519436,17.269755,247,30015,download
1444,221.734074964,1444078,12.53,153.311849,12.518223,216,30015,download
1353,324.094122131,1353577,3.58,18.347561,3.577944,304,30015,download
1340,321.445174174,1340721,3.37,18.057175,3.366767,347,30015,download
1335,354.335998736,1335165,3.36,16.137714,3.354972,326,30015,download
1364,298.392359152,1364334,6.17,69.205024,6.166573,288,30015,download
1353,314.885693546,1353293,3.37,16.818087,3.367506,324,30015,download
1352,318.57652142,1352685,3.38,19.363709,3.3809,307,30015,download
1334,347.263588647,1334881,3.63,22.286967,3.627682,342,30015,download
1496,59.9416382826,1496416,4.72,15.042331,4.71886,7,66501,download
1496,61.9273768216,1496416,2.03,10.085781,2.031966,5,66501,download
1496,59.9416382826,1496416,2.94,10.562565,2.936055,7,66501,download
1497,64.5058136915,1497112,1.04,1.217992,1.041424,20,30046,download
1498,45.5082410119,1498560,7.06,163.914491,7.057065,1,14591,download
1498,45.5082410119,1498560,0.65,0.552034,0.645153,7,14591,download
1498,45.5082410119,1498560,0.84,2.236537,0.837878,8,14591,download
1485,134.309344425,1485844,20.72,408.685682,20.70117,108,34250,download
1482,145.512886027,1482720,15.88,233.181987,15.868866,127,35020,download
1491,107.582526462,1491167,6.6,33.935473,6.594266,126,31082,download
1484,136.32681321,1484491,6.31,32.617606,6.301334,124,31082,download
1409,243.569291989,1409577,11,53.608716,10.993988,191,30241,download
1490,93.2201694914,1490624,7.49,29.573041,7.485322,5,66501,download
1494,83.324666216,1494460,2.15,14.041235,2.148821,20,15614,download
1497,87.8122998218,1497180,6.12,28.284928,6.114954,21,32219,download
1494,84.0595027347,1494755,1.52,7.589286,1.519441,30,20470,download
1487,107.484882658,1487628,7.75,30.0687,7.744,21,65103,download
1497,64.5058136915,1497112,2.36,17.434551,2.360933,10,15614,download
1497,64.5058136915,1497112,1.49,7.023166,1.489847,21,15870,download
1240,431.420908163,1240265,33.45,91.077643,33.421052,428,30155,download
1243,435.022987898,1243185,46.25,286.171425,46.205395,463,30185,download
1270,402.140522703,1270925,25.23,66.857008,25.205373,403,30280,download
1258,413.649610178,1258961,30.79,71.822813,30.754865,421,30340,download
1219,444.599820063,1219541,39.04,85.84582,38.999726,449,30364,download
1227,435.20110294,1227125,43.34,145.655499,43.299839,445,30238,download
1497,64.5058136915,1497112,1.53,6.260817,1.532068,14,16254,download
1275,388.46106626,1275305,29.63,124.881912,29.596964,410,30149,download
1276,387.749919407,1276481,24.12,66.567913,24.094718,411,30007,download
1317,334.732729203,1317895,15.96,71.115951,15.944007,367,30270,download
1225,437.910949852,1225665,41.21,107.562762,41.164166,446,29970,download
1242,427.207209677,1242617,32.25,72.0488,32.215167,430,30616,download
1260,410.524055324,1260705,29.68,74.256089,29.654402,426,30532,download
1235,432.758593213,1235601,32.3,93.070741,32.263887,429,30574,download
1258,407.79161345,1258961,27.24,68.843611,27.215955,436,29919,download
1256,408.582916921,1256325,25.44,64.923661,25.419247,426,30007,download
1303,348.132158813,1303653,15.31,54.60482,15.296668,375,30051,download
1317,335.886885722,1317645,13.99,52.579612,13.972174,376,30095,download
1310,339.576206469,1310345,12.1,40.369156,12.089499,376,30314,download
1497,64.5058136915,1497112,18.4,522.288699,18.376781,6,15550,download
1376,282.895740512,1376918,6.42,34.567938,6.411934,290,30015,download
1352,313.06868256,1352666,5.46,32.318419,5.458666,335,30015,download
1355,290.654433993,1355586,8.83,44.667751,8.817161,328,30015,download
1361,299.360986102,1361142,3.02,13.160687,3.018838,316,30015,download
1365,279.427987145,1365522,3.43,15.266183,3.424326,306,30015,download
1390,254.621287405,1390626,4.03,20.263612,4.025568,260,30015,download
1371,290.394559178,1371078,8.68,183.19181,8.673066,321,30015,download
1368,308.204477579,1368482,3.61,19.650334,3.610635,328,30015,download
1346,313.290599923,1346826,5.99,34.086814,5.980685,335,30015,download
1368,294.56238728,1368442,10.83,58.880043,10.815061,304,30015,download
1355,294.625185617,1355302,9.55,47.496042,9.538086,329,30015,download
1492,100.846417884,1492858,6.72,29.763177,6.71468,128,31294,download
1492,100.846417884,1492858,11.14,47.290346,11.132655,120,30945,download
1503,171.449701079,1503078,7.95,51.942199,7.944366,121,31313,download
1492,100.846417884,1492858,8.78,59.069102,8.776075,104,31592,download
1397,354.235797175,1397114,35.08,922.638969,35.049826,69,64240,download
1471,171.944758571,1471552,7.09,134.282527,7.083542,69,40708,download
1469,157.047763435,1469030,11.39,304.256073,11.375561,72,65352,download
1387,253.576418462,1387441,3.48,16.091747,3.480679,267,30015,download
1365,302.930685141,1365257,3.47,16.31072,3.468434,344,30015,download
1379,253.531063186,1379857,4.34,30.591109,4.339608,282,30015,download
1394,233.89955109,1394381,4.82,36.755485,4.817061,291,29936,download
1429,216.47632665,1429705,8.3,46.695646,8.291302,191,30015,download
1449,163.153302142,1449981,7.66,43.718377,7.654799,154,30159,download
1493,95.6765383989,1493051,1.27,5.608993,1.264897,65,33149,download
1493,94.1381962861,1493465,2.5,42.388235,2.497865,31,32811,download
1493,94.1381962861,1493465,2.55,47.041877,2.551207,26,32274,download
1491,106.131993291,1491591,1.47,9.16176,1.468478,47,32295,download
1491,106.131993291,1491591,1.24,4.228249,1.242677,65,32872,download
1490,113.758516165,1490131,6.33,27.997491,6.327568,270,33122,download
1493,94.1381962861,1493465,1.09,1.858695,1.087619,31,32989,download
1493,94.1381962861,1493465,1.13,2.476977,1.129309,29,32542,download
1493,94.1381962861,1493465,1.13,2.426022,1.124311,29,32628,download
1478,158.347718645,1478865,1.54,7.888264,1.542636,30,32432,download
1487,123.052834181,1487625,1.45,2.009913,1.444097,28,32811,download
1494,104.938076979,1494925,2.62,43.254379,2.614185,29,32015,download
1494,82.1462111117,1494925,1.04,1.192654,1.043079,30,32906,download
1493,94.1381962861,1493465,1.11,2.094416,1.103926,29,33129,download
1494,82.1462111117,1494925,1.06,1.510592,1.057499,29,32345,download
1493,94.1381962861,1493465,1.13,2.702187,1.12809,25,31737,download
1494,82.1462111117,1494925,1.03,1.096119,1.030437,29,31308,download
1494,82.1462111117,1494925,1.06,1.569319,1.059378,32,32628,download
1494,82.1462111117,1494925,1.05,1.237533,1.048033,29,32628,download
1494,82.1462111117,1494925,1.04,1.176038,1.040726,31,31793,download
1494,82.1462111117,1494925,1.07,1.635688,1.067277,31,32628,download
1492,102.688850417,1492005,1.32,7.772959,1.319786,28,31308,download
1494,82.1462111117,1494925,1.04,1.463955,1.038178,33,32349,download
1491,106.131993291,1491591,2.68,36.005407,2.679541,62,32594,download
1479,148.835479641,1479911,6.69,31.381093,6.687349,275,33122,download
1493,94.1381962861,1493465,2.29,37.993387,2.285769,29,32711,download
1492,101.975487251,1492218,2.76,53.088214,2.754708,28,32934,download
1492,102.688850417,1492005,1.11,2.139815,1.109848,27,31964,download
1478,160.433786965,1478451,6.8,34.771483,6.789516,271,32027,download
1490,109.859000542,1490685,2.29,30.578043,2.287092,71,32804,download
1487,116.828934772,1487694,4.58,72.865457,4.577261,44,32542,download
1493,94.2708862799,1493300,7.56,205.217344,7.552699,27,32649,download
1491,106.131993291,1491591,2.29,33.034379,2.292182,54,32340,download
1493,94.1381962861,1493465,2.39,41.879571,2.384607,24,32628,download
1492,102.688850417,1492005,2.86,51.760892,2.855866,33,32962,download
1493,94.1381962861,1493465,1.08,1.746066,1.076941,29,32542,download
1493,94.1381962861,1493465,1.08,1.738683,1.08178,27,32015,download
1491,106.131993291,1491591,2.61,39.943757,2.605132,74,31602,download
1491,106.442472726,1491324,2.56,34.480821,2.561623,73,32260,download
1493,94.1381962861,1493465,1.14,2.643324,1.14342,25,31695,download
1493,94.1381962861,1493465,1.1,1.958521,1.096509,26,32274,download
1493,94.1381962861,1493465,1.07,1.643684,1.064366,27,32488,download
1493,94.1381962861,1493465,1.09,1.902546,1.0906,30,32516,download
1494,82.1462111117,1494925,1.06,1.604736,1.054815,33,32572,download
1493,94.6784030284,1493139,2.53,46.43732,2.531649,23,32542,download
1493,94.1381962861,1493465,2.31,38.996246,2.307715,24,31459,download
1493,94.1381962861,1493465,1.07,1.729928,1.073342,29,32005,download
1493,94.1381962861,1493465,1.13,2.405453,1.127494,31,32015,download
1494,82.1462111117,1494925,1.03,1.127384,1.032542,24,32143,download
1494,82.9879509327,1494599,1.04,1.412834,1.035321,13,32107,download
1493,94.6889645101,1493151,2.13,32.410407,2.128081,13,32361,download
1494,82.9879509327,1494599,1.07,2.117649,1.067001,12,32234,download
1494,82.9879509327,1494599,1.03,1.294592,1.02585,16,32488,download
1494,82.9879509327,1494599,2.53,15.582145,2.528132,12,32361,download
1494,82.9879509327,1494599,2.47,15.406475,2.468976,12,32488,download
1494,82.9879509327,1494599,2.46,15.211052,2.459156,11,32488,download
1489,117.749734607,1489294,2.48,44.456443,2.479821,12,32488,download
1493,94.6889645101,1493151,4.07,93.902124,4.066539,13,32488,download
1494,82.9879509327,1494599,1.06,1.917338,1.056998,14,32361,download
1494,82.9879509327,1494599,1.08,2.239855,1.076038,13,32234,download
1496,131.848397791,1496047,1.11,2.359666,1.10936,11,32107,download
1494,82.9879509327,1494599,1.03,1.555012,1.033198,13,32361,download
1494,82.9879509327,1494599,1.07,1.984666,1.071095,16,32361,download
1494,82.9879509327,1494599,1.05,1.358848,1.050384,15,32488,download
1493,94.6889645101,1493151,2.6,32.476099,2.593668,15,32361,download
1494,82.9879509327,1494599,1.08,2.114386,1.075734,12,32488,download
1494,82.9879509327,1494599,1.04,0.807713,1.040095,13,32361,download
1494,82.9879509327,1494599,1.03,0.714549,1.027412,11,32234,download
1494,82.9879509327,1494599,1.07,1.960866,1.068482,15,32361,download
1493,94.1381962861,1493465,1.09,1.962322,1.085386,25,31737,download
1493,94.1381962861,1493465,1.1,2.297179,1.099173,28,31755,download
1493,94.1381962861,1493465,1.11,2.063588,1.108228,26,31725,download
1492,103.778610513,1492055,1.06,1.679203,1.062876,49,32597,download
1492,100.632996577,1492715,1.03,1.079559,1.027214,49,32570,download
1492,101.024749443,1492550,1.24,6.527712,1.240418,67,32955,download
1452,191.261600955,1452872,13.1,59.911152,13.08506,149,32117,download
1457,189.98420987,1457835,4.46,21.176604,4.45663,158,31392,download
1454,183.893991201,1454940,10.06,44.913916,10.052061,142,32117,download
1452,184.488482025,1452710,10.07,47.367086,10.060319,180,31831,download
1482,123.58802531,1482653,14.97,68.498764,14.950398,157,31576,download
1468,152.636823866,1468335,9.33,41.263348,9.319966,160,31140,download
1465,171.71779174,1465413,7.38,34.3519,7.371903,169,31208,download
1474,155.122532212,1474009,5.29,27.582522,5.28931,157,31208,download
1475,144.858551698,1475633,23.97,98.655042,23.94342,147,31392,download
1460,187.624625249,1460992,18.19,71.32733,18.16926,174,32117,download
1492,102.601169584,1492220,1.07,2.286963,1.071954,49,32540,download
1492,100.508706091,1492880,1.03,0.490297,1.024497,39,32972,download
1492,100.508706091,1492880,1.03,0.587631,1.028375,37,32941,download
1487,132.623527325,1487001,1.07,1.697751,1.069537,42,32495,download
1489,118.004237212,1489965,1.03,0.5956,1.02945,39,32425,download
1492,100.508706091,1492880,1.36,7.023717,1.360546,80,32941,download
1491,105.806427026,1491395,1.06,1.626176,1.061835,48,34022,download
1491,106.315568004,1491395,1.06,1.610872,1.056009,51,32941,download
1439,214.758003343,1439693,7.75,46.717745,7.741227,231,30015,download
1439,207.282416041,1439977,7.93,42.286674,7.922184,165,30015,download
1351,313.99681527,1351201,6.64,36.444602,6.630371,390,30015,download
1323,361.09555522,1323177,7.81,74.939808,7.800651,377,30015,download
1386,248.901586978,1386513,3.38,16.858744,3.378879,282,30658,download
1498,45.5082410119,1498560,1.05,1.687868,1.044356,6,14591,download
1498,45.5082410119,1498560,1.05,1.666458,1.052415,7,14591,download
1498,45.5082410119,1498560,1.05,1.583136,1.051055,7,14591,download
1498,45.5082410119,1498560,1.02,1.140703,1.015094,7,14591,download
1498,45.5082410119,1498560,1.04,1.451395,1.039655,6,14591,download
1498,45.5082410119,1498560,1.06,1.643857,1.056432,6,14591,download
1498,45.5082410119,1498560,1.02,0.968121,1.0143,6,14591,download
1498,45.5082410119,1498560,1.42,1.954884,1.421362,0,14591,download
1498,45.5082410119,1498560,1.04,1.557181,1.043233,6,14591,download
1498,45.5082410119,1498560,1.1,2.559783,1.095765,6,14591,download
1498,45.5082410119,1498560,1.07,1.891264,1.068642,7,14591,download
1498,45.5082410119,1498560,1.03,1.148869,1.025506,8,14591,download
1498,45.5082410119,1498560,1.25,3.479148,1.253654,9,14591,download
1498,45.5082410119,1498560,1.15,4.760765,1.152475,7,14591,download
1498,45.5082410119,1498560,1.03,1.099324,1.029717,6,14591,download
1498,45.5082410119,1498560,1.09,1.374182,1.09037,13,14591,download
1498,45.5082410119,1498560,1.92,28.053481,1.919954,0,14591,download
1483,112.414411887,1483067,1.7,16.411095,1.700286,70,65352,download
1419,229.253135202,1419229,9.68,47.483396,9.671814,183,30015,download
1420,234.316025914,1420973,9.4,47.616605,9.395337,177,30015,download
1491,105.688220725,1491560,1.03,1.207177,1.030707,51,33596,download
1362,270.545744746,1362945,3.62,18.013051,3.61556,315,30532,download
1432,233.893137993,1432961,8.54,89.477567,8.530965,179,30015,download
1405,212.708721025,1405245,4.14,22.417059,4.140598,255,30015,download
1377,278.713114151,1377505,4.08,32.122923,4.075862,317,30015,download
1380,259.91921822,1380425,3.63,22.396551,3.6312,283,29970,download
1381,324.365534544,1381866,5.75,29.673321,5.743234,532,30015,download
1492,82.7647267862,1492777,1.13,3.153927,1.125994,258,1013,multimedia
1497,43.4165866922,1497422,1.2,2.355144,1.197123,263,1443,multimedia
1499,3.6055512755,1499887,1.16,1.806755,1.162264,343,1713,multimedia
1499,21.8860686282,1499082,1.07,1.359235,1.06756,435,2173,multimedia
1499,26.2868788562,1499168,1.01,0.716641,1.010336,416,2590,multimedia
1497,43.0232495286,1497343,1.01,0.818255,1.013378,427,2994,multimedia
1495,63.0713881249,1495598,1.18,5.307479,1.17751,15,688,multimedia
1499,64.7765389628,1499955,1.47,4.879571,1.46583,8,925,multimedia
1498,45.7602447546,1498552,1.31,6.858506,1.303902,2,1320,multimedia
1498,45.7602447546,1498552,3.14,9.357512,3.134687,2,1320,multimedia
1492,92.714615892,1492341,1.35,6.379525,1.349509,264,1189,multimedia
1271,515.521095592,1271196,13.95,65.696436,13.934555,289,3694,multimedia
1495,76.9025357189,1495158,3.26,45.271873,3.257591,385,3815,multimedia
1439,215.89117629,1439569,1.9,8.850682,1.897009,216,30015,multimedia
1441,211.165811627,1441137,6.08,84.447977,6.070486,252,30015,multimedia
1371,293.409270474,1371873,2.19,17.960592,2.184532,390,30015,multimedia
1395,278.478006313,1395653,2.24,17.294851,2.234914,408,30015,multimedia
1495,72.876608044,1495558,1.39,11.82425,1.387492,4,30015,multimedia
1495,73.7902432575,1495376,1.37,10.364494,1.367851,4,30015,multimedia
1493,80.2620707433,1493997,1.03,1.00534,1.027527,10,30015,multimedia
1403,273.150141863,1403305,6.34,33.679481,6.335821,218,30015,multimedia
1412,237.004219372,1412065,6.9,42.227913,6.888412,246,30015,multimedia
1399,247.37623168,1399209,6.71,34.283239,6.708007,229,30015,multimedia
1394,274.472220817,1394543,6.56,34.720606,6.552577,238,30015,multimedia
1377,281.827961707,1377972,2.36,10.332324,2.3596,280,30015,multimedia
1390,269.862928169,1390828,5.29,103.093592,5.289134,244,30015,multimedia
1415,262.705157924,1415935,6.15,37.666621,6.146826,173,30015,multimedia
1388,243.092574959,1388488,2.99,25.092675,2.990609,279,30015,multimedia
1370,308.074666274,1370678,6.19,93.121165,6.184366,278,30015,multimedia
1385,254.795996829,1385274,2.3,11.858571,2.299174,285,30015,multimedia
1434,197.982322443,1434040,4.32,25.546954,4.312421,170,30015,multimedia
1381,307.95941291,1381290,7.01,77.605009,7.000909,253,30015,multimedia
1377,264.622372448,1377448,2.35,13.048926,2.351516,320,30015,multimedia
1404,258.974902259,1404252,2.39,11.993028,2.387223,240,30015,multimedia
1416,238.432380351,1416887,5.41,32.964591,5.401749,211,30015,multimedia
1394,225.612499654,1394032,2.11,10.871731,2.105444,275,30015,multimedia
1410,252.013888506,1410420,7.4,81.263331,7.388736,210,30015,multimedia
1371,289.37691684,1371825,2.34,10.348273,2.338404,311,30015,multimedia
1408,253.60599362,1408636,6.11,61.749109,6.101261,222,30015,multimedia
1399,277.227343529,1399876,6.88,70.694146,6.870307,249,30015,multimedia
1376,271.863936557,1376272,2.38,11.088761,2.376906,288,30015,multimedia
1418,253.998031488,1418288,5.64,33.694784,5.634145,173,30015,multimedia
1386,256.193286407,1386732,2.36,10.66418,2.361656,297,30015,multimedia
1493,87.2811548961,1493997,1.03,1.181474,1.026208,14,30015,multimedia
1491,93.9627585802,1491077,1.06,1.785096,1.060917,13,31369,multimedia
1495,73.4914961067,1495619,1.26,6.655429,1.256727,25,15550,multimedia
1495,73.5255057786,1495618,1.08,1.66059,1.074649,29,15550,multimedia
1500,0,1500000,1.02,0.587097,1.014335,7,520,multimedia
1497,57.8878225536,1497059,1.22,4.82433,1.216467,8,553,multimedia
1366,328.683738569,1366009,6.81,53.262513,6.799303,246,30015,multimedia
1418,238.939322842,1418605,4.67,62.440595,4.663947,194,30015,multimedia
1413,256.937735648,1413674,5.97,50.210885,5.968278,173,30015,multimedia
1492,84.8881617188,1492919,1.1,2.235319,1.093916,10,30015,multimedia
1494,100.294566154,1494281,1.09,2.417711,1.091144,11,30015,multimedia
1490,91.940197955,1490738,1.14,3.801498,1.140696,19,30015,multimedia
1494,83.4206209519,1494281,1.44,13.430459,1.44063,30,30015,multimedia
1490,98.7015704029,1490793,1.75,17.879204,1.750342,21,30015,multimedia
1491,91.4713069766,1491117,1.63,19.392055,1.626311,16,30015,multimedia
1494,133.082681067,1494090,1.36,10.692689,1.355,19,30015,multimedia
1495,73.4098086089,1495274,1.17,2.742526,1.165823,4,30015,multimedia
1495,73.8579718108,1495173,1.35,8.640052,1.353239,5,30015,multimedia
1494,83.1925477432,1494281,1.71,21.632654,1.711173,8,30015,multimedia
1412,242.925914632,1412713,5.99,33.607124,5.984702,207,30015,multimedia
1494,81.7924201867,1494128,1.14,4.291463,1.142688,10,30015,multimedia
1493,83.9523674473,1493997,1.63,17.384045,1.632028,22,30015,multimedia
1495,72.3325652801,1495457,4.22,69.884177,4.21735,4,30015,multimedia
1441,221.406865296,1441857,3.11,49.976484,3.107638,126,30015,multimedia
1492,89.7830719011,1492253,1.07,1.859651,1.065344,21,30015,multimedia
1385,271.563988776,1385981,1.68,9.226274,1.679329,244,30564,multimedia
1386,252.130918374,1386265,1.54,6.563954,1.543279,289,30224,multimedia
1340,346.724674634,1340417,14.21,54.203982,14.195789,303,30553,multimedia
1416,219.940901153,1416925,1.41,3.888611,1.407084,215,30868,multimedia
1378,290.78514405,1378965,1.5,4.986901,1.500727,257,30868,multimedia
1310,343.474889912,1310312,20.85,64.129036,20.826634,402,30104,multimedia
1385,246.679954597,1385643,6.24,28.300261,6.238239,276,30185,multimedia
1391,237.953777024,1391538,6.44,34.177877,6.431803,271,30261,multimedia
1389,249.495490941,1389152,7.59,39.536441,7.580401,267,30191,multimedia
1393,238.26665734,1393250,6.45,31.607998,6.446288,268,29834,multimedia
1367,302.220118457,1367537,5.38,28.100064,5.376338,292,30015,multimedia
1367,262.137368568,1367861,7.43,32.859041,7.426304,309,30015,multimedia
1404,240.054160555,1404929,5.52,25.305437,5.517661,219,30015,multimedia
1367,267.243334809,1367249,4.17,19.047989,4.16628,311,30016,multimedia
1402,268.333747412,1402577,5.46,27.953045,5.455989,249,30015,multimedia
1500,0,1500000,1.08,1.705196,1.080347,7,1238,multimedia
1500,0,1500000,1.07,1.3222,1.072345,18,1006,multimedia
1493,87.6584280032,1493533,1.12,1.872725,1.120476,17,129983,multimedia
1491,100.781942827,1491384,1.08,1.443475,1.077547,20,129983,multimedia
1494,84.4926032266,1494224,1.08,1.953515,1.076772,15,129983,multimedia
1489,114.162165361,1489995,1.09,1.326303,1.092562,18,129983,multimedia
1496,71.8957578721,1496105,1.32,5.695249,1.319611,18,30046,multimedia
1497,64.5058136915,1497112,1.06,1.196824,1.061148,20,30078,multimedia
1498,73.8037939404,1498505,1.04,1.52402,1.037414,19,1007,multimedia
1498,45.7602447546,1498552,9.79,263.282381,9.781477,7,973,multimedia
1490,108.355895087,1490699,2.02,18.616019,2.021396,32,32934,multimedia
1490,110.15897603,1490903,2.49,28.463946,2.484656,42,32923,multimedia
1493,85.4283325367,1493589,1.02,1.218743,1.022424,5,30015,multimedia
1495,71.6589143094,1495418,1.39,3.444197,1.387538,4,30015,multimedia
1495,73.0958275143,1495298,1.72,4.420269,1.717298,4,30015,multimedia
1496,56.7802782663,1496758,1.1,2.112313,1.100355,4,30015,multimedia
1495,71.6589143094,1495418,1.22,2.235784,1.214787,4,30015,multimedia
1495,74.2361098119,1495212,1.08,1.415336,1.074007,4,30015,multimedia
1495,71.6589143094,1495418,1.17,1.602487,1.170019,4,30015,multimedia
1493,87.7496438739,1493469,3.01,6.503391,3.007699,6,30015,multimedia
1495,74.2361098119,1495212,1.91,2.47945,1.904696,4,30015,multimedia
1495,72.4154679609,1495353,2.37,8.476035,2.369055,5,30015,multimedia
1495,73.1846978541,1495741,1.42,2.174551,1.421398,4,30015,multimedia
1498,39.2555728528,1498256,1.63,2.128293,1.629941,5,30016,multimedia
1481,148.04053499,1481654,21.68,100.475386,21.662332,254,32714,multimedia
1475,170.78934393,1475880,6.06,49.772151,6.057753,342,33575,multimedia
1487,119.979164858,1487867,26.02,87.560361,25.991124,332,34554,multimedia
1482,146.106125813,1482234,10.82,73.196113,10.808546,481,33136,multimedia
1475,173.346473861,1475764,5.74,23.896797,5.733882,271,33324,multimedia
1479,161.694155739,1479182,6.89,38.033633,6.888043,240,33502,multimedia
1480,154.502427165,1480519,11.12,72.662593,11.104246,525,32892,multimedia
1478,161.254457303,1478340,4.61,22.58708,4.605928,410,33156,multimedia
1478,166.024094637,1478051,4.8,20.676119,4.791315,482,33105,multimedia
1496,54.8361194834,1496883,1.17,1.84903,1.171683,4,30015,multimedia
1495,71.056315694,1495707,1.03,1.246175,1.033447,3,30015,multimedia
1494,83.402637848,1494321,1.09,1.331197,1.088043,4,30015,multimedia
1494,76.3937170191,1494815,1.04,1.502132,1.037193,4,30015,multimedia
1493,84.5990543682,1493993,1.07,1.633712,1.071484,5,30015,multimedia
1495,71.056315694,1495707,1.06,1.478116,1.054515,3,30015,multimedia
1495,71.6030725598,1495423,1.25,1.837383,1.252678,4,30015,multimedia
1495,71.6030725598,1495423,1.13,1.566578,1.132377,4,30015,multimedia
1495,71.2460525222,1495537,1.06,1.897163,1.063292,4,30015,multimedia
1494,76.1708605702,1494361,1.2,1.735736,1.197244,7,30015,multimedia
1495,71.056315694,1495707,1.05,1.272715,1.046324,3,30015,multimedia
1495,71.056315694,1495707,1.04,1.597571,1.034899,3,30015,multimedia
1495,71.056315694,1495707,1.26,4.329797,1.25847,3,30015,multimedia
1495,71.6030725598,1495423,1.1,1.474395,1.103746,4,30015,multimedia
1495,71.6030725598,1495423,1.49,12.253225,1.489704,4,30015,multimedia
1495,71.056315694,1495707,1.1,1.86129,1.099353,3,30015,multimedia
1494,78,1494685,1.11,1.668015,1.10794,4,30015,multimedia
1494,74.7462373635,1494969,1.09,2.122404,1.093342,4,30015,multimedia
1493,81.4739222083,1493185,1.22,2.058595,1.222905,9,30015,multimedia
1495,71.6030725598,1495423,1.08,1.40451,1.07541,4,30015,multimedia
1495,71.056315694,1495707,1.09,1.440547,1.087296,3,30015,multimedia
1495,71.6030725598,1495423,1.13,2.199093,1.129739,4,30015,multimedia
1495,71.1055553385,1495617,1.16,4.046448,1.160764,4,30015,multimedia
1495,71.056315694,1495707,1.19,3.776663,1.184464,3,30015,multimedia
1495,71.6030725598,1495423,1.45,3.474218,1.446343,4,30015,multimedia
1495,71.6030725598,1495423,1.07,1.674709,1.071221,4,30015,multimedia
1495,71.056315694,1495707,1.27,2.191704,1.273069,3,30015,multimedia
1495,71.056315694,1495707,1.16,1.970656,1.161644,3,30015,multimedia
1495,71.6030725598,1495423,2.02,10.991621,2.020092,4,30015,multimedia
1495,71.6030725598,1495423,1.14,1.842939,1.141315,4,30015,multimedia
1493,84.36824047,1493913,1.08,2.16287,1.08264,5,30015,multimedia
1495,71.6030725598,1495423,1.24,2.287755,1.234503,4,30015,multimedia
1495,71.6030725598,1495423,1.12,1.886087,1.11816,4,30015,multimedia
1495,71.6449579524,1495419,1.25,2.408613,1.243951,4,30015,multimedia
1493,84.7525810816,1493469,1.16,2.199566,1.155535,7,30015,multimedia
1495,71.0985231914,1495703,1.08,1.783855,1.081036,3,30015,multimedia
1495,72.4775827411,1495253,1.08,1.622598,1.078423,4,30015,multimedia
1493,86.1452262171,1493185,1.2,1.607652,1.195677,7,30015,multimedia
1495,71.0985231914,1495703,1.63,17.965574,1.630511,3,30015,multimedia
1493,84.7525810816,1493469,1.51,10.539133,1.506932,7,30015,multimedia
1496,66.3324958071,1496516,1.76,5.591617,1.76012,2,30015,multimedia
1494,74.0742870367,1494765,1.23,1.933487,1.230471,5,30015,multimedia
1495,71.0985231914,1495703,1.07,1.541751,1.069665,3,30015,multimedia
1494,75.5711585196,1494889,1.06,1.625669,1.057327,4,30015,multimedia
1495,71.6449579524,1495419,1.1,1.702295,1.099315,4,30015,multimedia
1495,71.6449579524,1495419,1.23,1.805252,1.231763,4,30015,multimedia
1495,71.6449579524,1495419,1.09,1.520986,1.087183,4,30015,multimedia
1495,71.6449579524,1495419,1.08,1.448742,1.083562,4,30015,multimedia
1491,96.3535157636,1491514,4.32,48.195777,4.315242,39,38247,multimedia
1488,123.024387826,1488281,3.11,26.667146,3.110412,35,35059,multimedia
1497,57.8273291792,1497001,4.14,31.294114,4.138528,27,40498,multimedia
1497,54.881690936,1497568,4.35,33.523635,4.348532,50,40110,multimedia
1467,199.183332636,1467878,56.77,432.761807,56.714458,70,40313,multimedia
1483,144.01041629,1483488,19.27,137.868767,19.249775,68,35084,multimedia
1483,142.982516414,1483159,2.79,22.283189,2.787187,37,39933,multimedia
1491,100.841459728,1491034,3.44,32.309249,3.434045,36,40522,multimedia
1491,95.5353337776,1491455,3.05,31.674388,3.046755,32,39495,multimedia
1489,103.927859595,1489788,3.69,35.469919,3.682514,41,40004,multimedia
1494,75.4320886626,1494855,4.13,57.143487,4.126955,33,38292,multimedia
1497,47.6025209416,1497484,3.21,10.107311,3.211496,33,39533,multimedia
1481,152.787434038,1481441,9.15,91.14243,9.145636,9,41673,multimedia
1486,131.167831422,1486081,2.19,11.346707,2.186142,8,45423,multimedia
1492,99.1413132856,1492369,2.44,20.651338,2.440219,24,31227,multimedia
1492,103.126136357,1492050,2.98,42.22377,2.978582,19,31291,multimedia
1494,103.547090737,1494929,8.87,230.018269,8.864883,23,31227,multimedia
1492,98.2395032561,1492033,3.23,25.238771,3.230145,29,31195,multimedia
1490,107.275346655,1490585,3.72,41.360723,3.717357,36,31163,multimedia
1493,113.044239128,1493489,1.83,18.718584,1.830932,21,31097,multimedia
1489,109.836241742,1489137,5.67,32.144605,5.667834,57,31227,multimedia
1493,87.2754260946,1493997,1.34,9.797804,1.343188,8,29999,multimedia
1441,215.995370321,1441846,6.88,37.7068,6.870824,169,35031,multimedia
1492,88.4307638777,1492821,1.88,25.50569,1.874618,17,30241,multimedia
1488,119.549153071,1488770,6.87,33.83472,6.86436,6,30262,multimedia
1479,168.718700801,1479442,8.58,36.343231,8.575316,8,30055,multimedia
1492,91.6406023551,1492866,6.45,67.653044,6.439185,5,30210,multimedia
1488,129.197523196,1488787,5.89,39.337159,5.880916,13,30156,multimedia
1479,153.642442053,1479442,17.52,307.158633,17.506671,20,30314,multimedia
1486,116.26693425,1486742,22.9,562.866734,22.87785,37,30314,multimedia
1482,137.138616006,1482930,18.18,388.178766,18.1628,38,30262,multimedia
1484,134.777594577,1484789,73.22,1556.441149,73.144877,38,16697,multimedia
1478,148.1553239,1478570,8.39,37.536379,8.384159,54,15774,multimedia
1482,130.694299799,1482962,6.82,32.249482,6.808282,44,15646,multimedia
1484,134.037308239,1484795,90.45,1785.681688,90.35878,45,16857,multimedia
1476,163.257465373,1476909,104.01,2016.882342,103.901993,44,16792,multimedia
1477,152.065775242,1477966,8.65,36.978566,8.641191,56,15806,multimedia
1471,177.330200474,1471319,108.3,2029.31222,108.187904,57,16919,multimedia
1480,146.010273611,1480533,8.93,38.630075,8.924049,40,15774,multimedia
1495,73.6410211771,1495501,1.06,0.99755,1.057327,10,29885,multimedia
1493,90.3437878329,1493149,1.02,0.851743,1.019308,10,29834,multimedia
1494,78.8035532194,1494609,6.22,164.07549,6.211511,9,30140,multimedia
1494,82.4196578493,1494325,7.96,218.807554,7.954655,8,30210,multimedia
1491,93.8988817825,1491837,19.97,597.733451,19.947261,33,31288,multimedia
1489,100.299551345,1489809,1.07,2.256569,1.073174,16,31346,multimedia
1488,108.115678789,1488917,1.09,2.479406,1.092326,43,31259,multimedia
1488,108.115678789,1488917,1.08,2.481935,1.076338,16,31173,multimedia
1488,108.452754691,1488633,1.08,2.229744,1.081224,38,31346,multimedia
1488,105.74497624,1488917,27.35,831.336266,27.318915,20,31173,multimedia
1494,100.154880061,1494757,1.17,3.337089,1.173218,22,30294,multimedia
1490,98.6154146166,1490377,1.21,5.958248,1.207303,36,31201,multimedia
1492,89.6381615162,1492729,1.3,4.008392,1.296963,7,30294,multimedia
1488,108.452754691,1488633,1.1,2.679042,1.096379,27,31173,multimedia
1492,90.0610903776,1492445,16.1,473.011511,16.088273,18,31317,multimedia
1487,114.847725271,1487173,1.1,2.796695,1.103607,15,31144,multimedia
1489,106.855041996,1489809,1.09,2.249687,1.088063,24,31288,multimedia
1490,101.631687972,1490093,1.4,10.685392,1.402185,26,31317,multimedia
1491,90.9065454189,1491877,1.12,2.317844,1.118436,13,31346,multimedia
1492,90.4820424173,1492161,1.22,3.039263,1.223533,11,31230,multimedia
1488,108.793382152,1488349,1.19,2.659181,1.19137,26,31230,multimedia
1490,91.7169559024,1490985,1.13,3.505086,1.132431,15,31346,multimedia
1490,93.0913529819,1490377,1.25,7.121406,1.244207,19,31346,multimedia
1494,84.243694126,1494189,1.11,2.112904,1.107379,20,30294,multimedia
1487,112.294256309,1487457,1.09,2.442863,1.092944,45,31346,multimedia
1490,101.262036322,1490377,2.16,36.118031,2.153831,38,31346,multimedia
1491,96.5608616366,1491837,1.13,3.628914,1.125603,32,31288,multimedia
1493,89.2076229927,1493013,1.08,2.058472,1.080841,28,31317,multimedia
1491,91.7387595294,1491269,1.11,3.157134,1.109064,28,30294,multimedia
1490,96.9639108122,1490377,1.14,4.139076,1.138598,17,31317,multimedia
1491,92.043467992,1491837,1.67,20.500301,1.666391,37,30294,multimedia
1491,94.302704097,1491553,1.13,2.398533,1.129407,26,30294,multimedia
1488,108.793382152,1488349,1.09,2.308071,1.08903,29,31346,multimedia
1491,92.4553946506,1491553,1.35,10.355886,1.34893,17,30294,multimedia
1489,97.7394495585,1489809,1.4,12.215559,1.399254,22,31346,multimedia
1490,97.3498844375,1490093,1.12,3.357555,1.123059,30,31346,multimedia
1491,92.4553946506,1491553,1.09,2.410626,1.088747,27,30294,multimedia
1488,108.452754691,1488633,1.07,2.150171,1.073328,33,30294,multimedia
1488,106.503521069,1488917,1.07,2.030344,1.070909,22,31230,multimedia
1490,103.735239914,1490377,1.21,5.897484,1.209749,15,30294,multimedia
1490,96.9639108122,1490377,1.1,2.782497,1.097781,32,30294,multimedia
1491,93.8988817825,1491837,1.39,5.75217,1.388624,23,31201,multimedia
1491,97.3396116697,1491269,13.91,406.309292,13.896006,24,31201,multimedia
1492,90.0610903776,1492445,1.42,12.872594,1.421846,13,31317,multimedia
1490,98.4987309563,1490377,1.23,6.840157,1.228564,31,30294,multimedia
1489,99.8899394334,1489809,1.96,6.849811,1.957674,27,30294,multimedia
1488,108.452754691,1488633,1.36,10.56042,1.358032,15,30294,multimedia
1490,98.4987309563,1490377,1.09,2.58214,1.093087,39,31201,multimedia
1488,108.452754691,1488633,1.11,2.884051,1.112215,30,30322,multimedia
